occurrenceyear,Neighbourhood,ObjectId
2000.0,Annex,1
2000.0,Bedford Park-Nortown,1
2000.0,Birchcliffe-Cliffside,2
2000.0,Cliffcrest,1
2000.0,Downsview-Roding-CFB,1
2000.0,Little Portugal,2
2000.0,Malvern,2
2000.0,Markland Wood,1
2000.0,Mount Olive-Silverstone-Jamestown,1
2000.0,Oakwood Village,1
2000.0,Pelmo Park-Humberlea,1
2000.0,Regent Park,2
2000.0,Rouge,1
2000.0,The Beaches,1
2000.0,Thorncliffe Park,1
2000.0,Waterfront Communities-The Island,1
2000.0,Weston,1
2000.0,Woodbine-Lumsden,2
2001.0,Dorset Park,1
2001.0,Islington-City Centre West,3
2001.0,Keelesdale-Eglinton West,1
2001.0,Niagara,1
2001.0,Rockcliffe-Smythe,1
2001.0,Rouge,1
2001.0,South Riverdale,1
2001.0,St.Andrew-Windfields,1
2001.0,Tam OShanter-Sullivan,1
2001.0,Taylor-Massey,2
2001.0,West Hill,3
2001.0,West Humber-Clairville,1
2001.0,Wexford/Maryvale,1
2001.0,Woburn,3
2002.0,Alderwood,1
2002.0,Danforth,1
2002.0,Dovercourt-Wallace Emerson-Junction,1
2002.0,Downsview-Roding-CFB,1
2002.0,East End-Danforth,1
2002.0,Edenbridge-Humber Valley,2
2002.0,Glenfield-Jane Heights,1
2002.0,Humewood-Cedarvale,1
2002.0,Lansing-Westgate,1
2002.0,Mount Olive-Silverstone-Jamestown,2
2002.0,Oakridge,1
2002.0,Rouge,1
2002.0,Weston,1
2002.0,Willowdale East,1
2003.0,Banbury-Don Mills,1
2003.0,Briar Hill-Belgravia,1
2003.0,Cliffcrest,1
2003.0,Eglinton East,1
2003.0,Flemingdon Park,1
2003.0,Lambton Baby Point,1
2003.0,North Riverdale,1
2003.0,North St.James Town,2
2003.0,Pleasant View,1
2003.0,Regent Park,2
2003.0,Rouge,1
2003.0,Scarborough Village,1
2003.0,Woodbine Corridor,1
2004.0,Agincourt North,1
2004.0,Bay Street Corridor,1
2004.0,Church-Yonge Corridor,1
2004.0,Clairlea-Birchmount,2
2004.0,Dovercourt-Wallace Emerson-Junction,1
2004.0,Ionview,2
2004.0,Islington-City Centre West,1
2004.0,Junction Area,1
2004.0,Leaside-Bennington,1
2004.0,Mount Olive-Silverstone-Jamestown,1
2004.0,Newtonbrook West,1
2004.0,North St.James Town,1
2004.0,Oakridge,2
2004.0,Rosedale-Moore Park,1
2004.0,Rouge,1
2004.0,Tam OShanter-Sullivan,1
2004.0,Trinity-Bellwoods,1
2004.0,Waterfront Communities-The Island,3
2004.0,West Hill,3
2005.0,Bedford Park-Nortown,2
2005.0,Beechborough-Greenbrook,1
2005.0,Blake-Jones,1
2005.0,Flemingdon Park,5
2005.0,Kingsview Village-The Westway,2
2005.0,Newtonbrook East,1
2005.0,Niagara,1
2005.0,Rouge,5
2005.0,Thorncliffe Park,2
2005.0,West Humber-Clairville,1
2005.0,Woburn,3
2006.0,Bay Street Corridor,1
2006.0,Beechborough-Greenbrook,1
2006.0,Clanton Park,1
2006.0,Dorset Park,1
2006.0,Eglinton East,1
2006.0,Glenfield-Jane Heights,1
2006.0,Playter Estates-Danforth,1
2006.0,Stonegate-Queensway,1
2006.0,Yonge-Eglinton,2
2006.0,York University Heights,1
2007.0,Church-Yonge Corridor,2
2007.0,Clanton Park,1
2007.0,Downsview-Roding-CFB,1
2007.0,Guildwood,2
2007.0,High Park-Swansea,1
2007.0,Lawrence Park North,1
2007.0,Long Branch,2
2007.0,North Riverdale,1
2007.0,Parkwoods-Donalda,2
2007.0,Rouge,2
2007.0,Scarborough Village,3
2007.0,South Parkdale,1
2007.0,Waterfront Communities-The Island,2
2007.0,West Humber-Clairville,1
2007.0,Wexford/Maryvale,1
2007.0,Woburn,3
2007.0,York University Heights,2
2008.0,Agincourt South-Malvern West,3
2008.0,Bay Street Corridor,1
2008.0,Bayview Village,1
2008.0,Brookhaven-Amesbury,1
2008.0,Caledonia-Fairbank,1
2008.0,Church-Yonge Corridor,1
2008.0,Clairlea-Birchmount,2
2008.0,Cliffcrest,2
2008.0,Dovercourt-Wallace Emerson-Junction,1
2008.0,Downsview-Roding-CFB,5
2008.0,East End-Danforth,1
2008.0,Eringate-Centennial-West Deane,2
2008.0,Glenfield-Jane Heights,1
2008.0,Hillcrest Village,1
2008.0,Lawrence Park North,1
2008.0,Malvern,1
2008.0,Milliken,2
2008.0,Mount Olive-Silverstone-Jamestown,1
2008.0,Parkwoods-Donalda,1
2008.0,Rouge,4
2008.0,South Riverdale,1
2008.0,Stonegate-Queensway,2
2008.0,The Beaches,2
2008.0,Waterfront Communities-The Island,1
2008.0,West Humber-Clairville,1
2008.0,Westminster-Branson,1
2008.0,Willowdale East,1
2008.0,York University Heights,2
2009.0,Agincourt South-Malvern West,3
2009.0,Banbury-Don Mills,1
2009.0,Beechborough-Greenbrook,1
2009.0,Bendale,1
2009.0,Birchcliffe-Cliffside,1
2009.0,Briar Hill-Belgravia,2
2009.0,Caledonia-Fairbank,1
2009.0,Clairlea-Birchmount,2
2009.0,Cliffcrest,3
2009.0,Don Valley Village,2
2009.0,Dorset Park,1
2009.0,Downsview-Roding-CFB,1
2009.0,East End-Danforth,4
2009.0,Edenbridge-Humber Valley,1
2009.0,Eglinton East,2
2009.0,High Park-Swansea,2
2009.0,Humbermede,2
2009.0,Islington-City Centre West,2
2009.0,LAmoreaux,4
2009.0,Lansing-Westgate,1
2009.0,Little Portugal,1
2009.0,Malvern,1
2009.0,Mount Olive-Silverstone-Jamestown,1
2009.0,Mount Pleasant East,1
2009.0,Mount Pleasant West,3
2009.0,Newtonbrook West,2
2009.0,North Riverdale,1
2009.0,Rouge,2
2009.0,Stonegate-Queensway,1
2009.0,Tam OShanter-Sullivan,1
2009.0,Thistletown-Beaumond Heights,4
2009.0,Thorncliffe Park,2
2009.0,Waterfront Communities-The Island,2
2009.0,West Humber-Clairville,1
2009.0,Westminster-Branson,1
2009.0,Weston,2
2009.0,Weston-Pellam Park,2
2009.0,Willowdale East,1
2009.0,Willowdale West,1
2009.0,Woburn,1
2010.0,Agincourt South-Malvern West,2
2010.0,Bay Street Corridor,2
2010.0,Beechborough-Greenbrook,1
2010.0,Bendale,3
2010.0,Black Creek,1
2010.0,Casa Loma,3
2010.0,Church-Yonge Corridor,1
2010.0,Don Valley Village,1
2010.0,Dovercourt-Wallace Emerson-Junction,2
2010.0,Downsview-Roding-CFB,3
2010.0,Eglinton East,1
2010.0,Englemount-Lawrence,1
2010.0,Flemingdon Park,1
2010.0,Glenfield-Jane Heights,3
2010.0,Guildwood,2
2010.0,Henry Farm,2
2010.0,Hillcrest Village,2
2010.0,Humber Summit,1
2010.0,Humbermede,2
2010.0,Ionview,1
2010.0,Keelesdale-Eglinton West,1
2010.0,Kingsview Village-The Westway,2
2010.0,LAmoreaux,4
2010.0,Leaside-Bennington,1
2010.0,Little Portugal,1
2010.0,Long Branch,1
2010.0,Malvern,1
2010.0,Milliken,1
2010.0,Mimico,1
2010.0,Moss Park,1
2010.0,Mount Olive-Silverstone-Jamestown,2
2010.0,Newtonbrook West,1
2010.0,Old East York,1
2010.0,Rouge,6
2010.0,Scarborough Village,2
2010.0,South Parkdale,1
2010.0,St.Andrew-Windfields,1
2010.0,Steeles,1
2010.0,Tam OShanter-Sullivan,2
2010.0,Taylor-Massey,1
2010.0,Thorncliffe Park,1
2010.0,Victoria Village,1
2010.0,Waterfront Communities-The Island,2
2010.0,West Humber-Clairville,4
2010.0,Westminster-Branson,2
2010.0,Weston-Pellam Park,2
2010.0,Wexford/Maryvale,2
2010.0,Willowridge-Martingrove-Richview,1
2010.0,Woburn,4
2010.0,Woodbine Corridor,1
2010.0,Woodbine-Lumsden,1
2010.0,York University Heights,1
2010.0,Yorkdale-Glen Park,1
2011.0,Agincourt North,1
2011.0,Bay Street Corridor,3
2011.0,Bayview Village,2
2011.0,Bendale,1
2011.0,Birchcliffe-Cliffside,1
2011.0,Black Creek,1
2011.0,Briar Hill-Belgravia,1
2011.0,Brookhaven-Amesbury,3
2011.0,Cabbagetown-South St.James Town,3
2011.0,Centennial Scarborough,1
2011.0,Clairlea-Birchmount,2
2011.0,Cliffcrest,3
2011.0,Danforth,2
2011.0,Dovercourt-Wallace Emerson-Junction,1
2011.0,Downsview-Roding-CFB,2
2011.0,Edenbridge-Humber Valley,1
2011.0,Elms-Old Rexdale,1
2011.0,Englemount-Lawrence,2
2011.0,Flemingdon Park,1
2011.0,Glenfield-Jane Heights,3
2011.0,Henry Farm,1
2011.0,High Park-Swansea,1
2011.0,Highland Creek,4
2011.0,Humbermede,2
2011.0,Ionview,3
2011.0,Islington-City Centre West,1
2011.0,LAmoreaux,2
2011.0,Lambton Baby Point,1
2011.0,Little Portugal,1
2011.0,Malvern,5
2011.0,Maple Leaf,2
2011.0,Milliken,2
2011.0,Mimico,2
2011.0,Morningside,4
2011.0,Mount Dennis,2
2011.0,Mount Olive-Silverstone-Jamestown,3
2011.0,Mount Pleasant West,2
2011.0,New Toronto,1
2011.0,Newtonbrook East,3
2011.0,Newtonbrook West,1
2011.0,Niagara,2
2011.0,North St.James Town,3
2011.0,OConnor-Parkview,2
2011.0,Oakridge,4
2011.0,Parkwoods-Donalda,1
2011.0,Rockcliffe-Smythe,1
2011.0,Roncesvalles,1
2011.0,Rouge,1
2011.0,Rustic,2
2011.0,Scarborough Village,2
2011.0,South Parkdale,3
2011.0,South Riverdale,2
2011.0,St.Andrew-Windfields,2
2011.0,Stonegate-Queensway,1
2011.0,Tam OShanter-Sullivan,1
2011.0,Taylor-Massey,1
2011.0,University,1
2011.0,Waterfront Communities-The Island,2
2011.0,West Hill,3
2011.0,West Humber-Clairville,1
2011.0,Weston,2
2011.0,Weston-Pellam Park,1
2011.0,Wexford/Maryvale,2
2011.0,Willowdale East,1
2011.0,Woburn,4
2011.0,York University Heights,2
2011.0,Yorkdale-Glen Park,1
2012.0,Agincourt South-Malvern West,2
2012.0,Banbury-Don Mills,1
2012.0,Bay Street Corridor,1
2012.0,Bedford Park-Nortown,1
2012.0,Bendale,2
2012.0,Black Creek,2
2012.0,Briar Hill-Belgravia,3
2012.0,Bridle Path-Sunnybrook-York Mills,1
2012.0,Brookhaven-Amesbury,2
2012.0,Centennial Scarborough,1
2012.0,Church-Yonge Corridor,6
2012.0,Clairlea-Birchmount,9
2012.0,Clanton Park,1
2012.0,Cliffcrest,1
2012.0,Danforth East York,1
2012.0,Dorset Park,4
2012.0,Dovercourt-Wallace Emerson-Junction,3
2012.0,Downsview-Roding-CFB,4
2012.0,East End-Danforth,1
2012.0,Elms-Old Rexdale,1
2012.0,Flemingdon Park,1
2012.0,Forest Hill North,2
2012.0,Glenfield-Jane Heights,1
2012.0,Guildwood,2
2012.0,Henry Farm,1
2012.0,High Park-Swansea,1
2012.0,Humber Heights-Westmount,1
2012.0,Humber Summit,2
2012.0,Humbermede,2
2012.0,Ionview,6
2012.0,Islington-City Centre West,1
2012.0,Junction Area,1
2012.0,Keelesdale-Eglinton West,1
2012.0,Kensington-Chinatown,3
2012.0,Kingsview Village-The Westway,2
2012.0,LAmoreaux,2
2012.0,Malvern,3
2012.0,Maple Leaf,5
2012.0,Mimico,2
2012.0,Morningside,1
2012.0,Moss Park,2
2012.0,Mount Olive-Silverstone-Jamestown,5
2012.0,Newtonbrook East,3
2012.0,Newtonbrook West,3
2012.0,Niagara,3
2012.0,North Riverdale,1
2012.0,North St.James Town,7
2012.0,OConnor-Parkview,1
2012.0,Oakridge,5
2012.0,Oakwood Village,2
2012.0,Parkwoods-Donalda,2
2012.0,Pelmo Park-Humberlea,1
2012.0,Pleasant View,2
2012.0,Roncesvalles,2
2012.0,Rosedale-Moore Park,4
2012.0,Rouge,5
2012.0,South Parkdale,4
2012.0,South Riverdale,2
2012.0,Steeles,3
2012.0,Stonegate-Queensway,2
2012.0,Tam OShanter-Sullivan,1
2012.0,Thorncliffe Park,2
2012.0,Trinity-Bellwoods,1
2012.0,University,1
2012.0,Victoria Village,1
2012.0,Waterfront Communities-The Island,4
2012.0,West Hill,5
2012.0,West Humber-Clairville,2
2012.0,Weston-Pellam Park,2
2012.0,Wexford/Maryvale,1
2012.0,Willowdale East,1
2012.0,Willowdale West,1
2012.0,Willowridge-Martingrove-Richview,1
2012.0,Woburn,3
2012.0,Woodbine Corridor,2
2012.0,Yonge-St.Clair,1
2012.0,York University Heights,4
2012.0,Yorkdale-Glen Park,2
2013.0,Agincourt North,2
2013.0,Agincourt South-Malvern West,7
2013.0,Alderwood,2
2013.0,Annex,11
2013.0,Banbury-Don Mills,4
2013.0,Bay Street Corridor,9
2013.0,Bayview Village,5
2013.0,Bayview Woods-Steeles,1
2013.0,Bedford Park-Nortown,2
2013.0,Bendale,6
2013.0,Birchcliffe-Cliffside,8
2013.0,Black Creek,7
2013.0,Briar Hill-Belgravia,1
2013.0,Bridle Path-Sunnybrook-York Mills,2
2013.0,Broadview North,1
2013.0,Brookhaven-Amesbury,2
2013.0,Cabbagetown-South St.James Town,2
2013.0,Caledonia-Fairbank,4
2013.0,Casa Loma,2
2013.0,Church-Yonge Corridor,9
2013.0,Clairlea-Birchmount,14
2013.0,Clanton Park,5
2013.0,Cliffcrest,1
2013.0,Corso Italia-Davenport,5
2013.0,Danforth East York,3
2013.0,Don Valley Village,2
2013.0,Dorset Park,13
2013.0,Dovercourt-Wallace Emerson-Junction,3
2013.0,Downsview-Roding-CFB,8
2013.0,Dufferin Grove,3
2013.0,East End-Danforth,2
2013.0,Eglinton East,7
2013.0,Elms-Old Rexdale,2
2013.0,Englemount-Lawrence,7
2013.0,Eringate-Centennial-West Deane,3
2013.0,Forest Hill North,2
2013.0,Forest Hill South,2
2013.0,Glenfield-Jane Heights,7
2013.0,Greenwood-Coxwell,1
2013.0,High Park North,3
2013.0,High Park-Swansea,3
2013.0,Highland Creek,6
2013.0,Humber Summit,9
2013.0,Humbermede,3
2013.0,Humewood-Cedarvale,1
2013.0,Ionview,8
2013.0,Islington-City Centre West,4
2013.0,Junction Area,1
2013.0,Keelesdale-Eglinton West,1
2013.0,Kennedy Park,4
2013.0,Kensington-Chinatown,8
2013.0,Kingsview Village-The Westway,3
2013.0,Kingsway South,1
2013.0,LAmoreaux,3
2013.0,Lambton Baby Point,2
2013.0,Lansing-Westgate,1
2013.0,Lawrence Park North,1
2013.0,Lawrence Park South,1
2013.0,Leaside-Bennington,1
2013.0,Little Portugal,1
2013.0,Malvern,7
2013.0,Maple Leaf,2
2013.0,Markland Wood,1
2013.0,Milliken,4
2013.0,Mimico,9
2013.0,Morningside,5
2013.0,Moss Park,15
2013.0,Mount Dennis,1
2013.0,Mount Olive-Silverstone-Jamestown,8
2013.0,Mount Pleasant West,4
2013.0,New Toronto,1
2013.0,Newtonbrook East,1
2013.0,Newtonbrook West,7
2013.0,Niagara,6
2013.0,North Riverdale,1
2013.0,North St.James Town,12
2013.0,OConnor-Parkview,12
2013.0,Oakridge,4
2013.0,Oakwood Village,1
2013.0,Old East York,2
2013.0,Palmerston-Little Italy,4
2013.0,Parkwoods-Donalda,12
2013.0,Pelmo Park-Humberlea,4
2013.0,Playter Estates-Danforth,2
2013.0,Pleasant View,3
2013.0,Princess-Rosethorn,1
2013.0,Regent Park,5
2013.0,Rexdale-Kipling,1
2013.0,Rockcliffe-Smythe,2
2013.0,Roncesvalles,3
2013.0,Rosedale-Moore Park,1
2013.0,Rouge,10
2013.0,Runnymede-Bloor West Village,4
2013.0,Scarborough Village,6
2013.0,South Parkdale,1
2013.0,South Riverdale,7
2013.0,St.Andrew-Windfields,1
2013.0,Steeles,2
2013.0,Stonegate-Queensway,2
2013.0,Tam OShanter-Sullivan,4
2013.0,Taylor-Massey,7
2013.0,The Beaches,6
2013.0,Thistletown-Beaumond Heights,2
2013.0,Thorncliffe Park,2
2013.0,Trinity-Bellwoods,9
2013.0,University,1
2013.0,Victoria Village,6
2013.0,Waterfront Communities-The Island,29
2013.0,West Hill,13
2013.0,West Humber-Clairville,13
2013.0,Westminster-Branson,2
2013.0,Weston,3
2013.0,Weston-Pellam Park,3
2013.0,Wexford/Maryvale,5
2013.0,Willowdale East,9
2013.0,Willowridge-Martingrove-Richview,3
2013.0,Woburn,8
2013.0,Woodbine Corridor,4
2013.0,Woodbine-Lumsden,2
2013.0,Wychwood,1
2013.0,Yonge-Eglinton,3
2013.0,York University Heights,11
2013.0,Yorkdale-Glen Park,9
2014.0,Agincourt North,177
2014.0,Agincourt South-Malvern West,256
2014.0,Alderwood,97
2014.0,Annex,483
2014.0,Banbury-Don Mills,167
2014.0,Bathurst Manor,134
2014.0,Bay Street Corridor,784
2014.0,Bayview Village,161
2014.0,Bayview Woods-Steeles,84
2014.0,Bedford Park-Nortown,206
2014.0,Beechborough-Greenbrook,113
2014.0,Bendale,413
2014.0,Birchcliffe-Cliffside,240
2014.0,Black Creek,356
2014.0,Blake-Jones,105
2014.0,Briar Hill-Belgravia,174
2014.0,Bridle Path-Sunnybrook-York Mills,68
2014.0,Broadview North,77
2014.0,Brookhaven-Amesbury,179
2014.0,Cabbagetown-South St.James Town,184
2014.0,Caledonia-Fairbank,105
2014.0,Casa Loma,75
2014.0,Centennial Scarborough,87
2014.0,Church-Yonge Corridor,876
2014.0,Clairlea-Birchmount,468
2014.0,Clanton Park,213
2014.0,Cliffcrest,175
2014.0,Corso Italia-Davenport,136
2014.0,Danforth,170
2014.0,Danforth East York,107
2014.0,Don Valley Village,298
2014.0,Dorset Park,315
2014.0,Dovercourt-Wallace Emerson-Junction,405
2014.0,Downsview-Roding-CFB,598
2014.0,Dufferin Grove,163
2014.0,East End-Danforth,322
2014.0,Edenbridge-Humber Valley,106
2014.0,Eglinton East,322
2014.0,Elms-Old Rexdale,75
2014.0,Englemount-Lawrence,185
2014.0,Eringate-Centennial-West Deane,151
2014.0,Etobicoke West Mall,90
2014.0,Flemingdon Park,225
2014.0,Forest Hill North,97
2014.0,Forest Hill South,78
2014.0,Glenfield-Jane Heights,412
2014.0,Greenwood-Coxwell,192
2014.0,Guildwood,82
2014.0,Henry Farm,116
2014.0,High Park North,145
2014.0,High Park-Swansea,164
2014.0,Highland Creek,127
2014.0,Hillcrest Village,145
2014.0,Humber Heights-Westmount,82
2014.0,Humber Summit,249
2014.0,Humbermede,206
2014.0,Humewood-Cedarvale,87
2014.0,Ionview,162
2014.0,Islington-City Centre West,513
2014.0,Junction Area,178
2014.0,Keelesdale-Eglinton West,145
2014.0,Kennedy Park,363
2014.0,Kensington-Chinatown,567
2014.0,Kingsview Village-The Westway,212
2014.0,Kingsway South,88
2014.0,LAmoreaux,265
2014.0,Lambton Baby Point,58
2014.0,Lansing-Westgate,110
2014.0,Lawrence Park North,87
2014.0,Lawrence Park South,104
2014.0,Leaside-Bennington,105
2014.0,Little Portugal,145
2014.0,Long Branch,114
2014.0,Malvern,351
2014.0,Maple Leaf,52
2014.0,Markland Wood,95
2014.0,Milliken,272
2014.0,Mimico,323
2014.0,Morningside,192
2014.0,Moss Park,654
2014.0,Mount Dennis,170
2014.0,Mount Olive-Silverstone-Jamestown,406
2014.0,Mount Pleasant East,75
2014.0,Mount Pleasant West,182
2014.0,New Toronto,138
2014.0,Newtonbrook East,136
2014.0,Newtonbrook West,276
2014.0,Niagara,346
2014.0,North Riverdale,108
2014.0,North St.James Town,279
2014.0,OConnor-Parkview,291
2014.0,Oakridge,299
2014.0,Oakwood Village,184
2014.0,Old East York,97
2014.0,Palmerston-Little Italy,193
2014.0,Parkwoods-Donalda,273
2014.0,Pelmo Park-Humberlea,137
2014.0,Playter Estates-Danforth,130
2014.0,Pleasant View,73
2014.0,Princess-Rosethorn,96
2014.0,Regent Park,175
2014.0,Rexdale-Kipling,94
2014.0,Rockcliffe-Smythe,263
2014.0,Roncesvalles,178
2014.0,Rosedale-Moore Park,193
2014.0,Rouge,348
2014.0,Runnymede-Bloor West Village,85
2014.0,Rustic,98
2014.0,Scarborough Village,262
2014.0,South Parkdale,262
2014.0,South Riverdale,385
2014.0,St.Andrew-Windfields,180
2014.0,Steeles,136
2014.0,Stonegate-Queensway,226
2014.0,Tam OShanter-Sullivan,205
2014.0,Taylor-Massey,201
2014.0,The Beaches,164
2014.0,Thistletown-Beaumond Heights,114
2014.0,Thorncliffe Park,157
2014.0,Trinity-Bellwoods,229
2014.0,University,276
2014.0,Victoria Village,176
2014.0,Waterfront Communities-The Island,1035
2014.0,West Hill,531
2014.0,West Humber-Clairville,887
2014.0,Westminster-Branson,199
2014.0,Weston,306
2014.0,Weston-Pellam Park,157
2014.0,Wexford/Maryvale,447
2014.0,Willowdale East,287
2014.0,Willowdale West,132
2014.0,Willowridge-Martingrove-Richview,204
2014.0,Woburn,624
2014.0,Woodbine Corridor,135
2014.0,Woodbine-Lumsden,90
2014.0,Wychwood,109
2014.0,Yonge-Eglinton,124
2014.0,Yonge-St.Clair,63
2014.0,York University Heights,575
2014.0,Yorkdale-Glen Park,269
2015.0,Agincourt North,193
2015.0,Agincourt South-Malvern West,218
2015.0,Alderwood,100
2015.0,Annex,455
2015.0,Banbury-Don Mills,225
2015.0,Bathurst Manor,111
2015.0,Bay Street Corridor,960
2015.0,Bayview Village,168
2015.0,Bayview Woods-Steeles,86
2015.0,Bedford Park-Nortown,152
2015.0,Beechborough-Greenbrook,118
2015.0,Bendale,408
2015.0,Birchcliffe-Cliffside,263
2015.0,Black Creek,354
2015.0,Blake-Jones,107
2015.0,Briar Hill-Belgravia,148
2015.0,Bridle Path-Sunnybrook-York Mills,79
2015.0,Broadview North,90
2015.0,Brookhaven-Amesbury,206
2015.0,Cabbagetown-South St.James Town,201
2015.0,Caledonia-Fairbank,89
2015.0,Casa Loma,72
2015.0,Centennial Scarborough,61
2015.0,Church-Yonge Corridor,896
2015.0,Clairlea-Birchmount,455
2015.0,Clanton Park,150
2015.0,Cliffcrest,197
2015.0,Corso Italia-Davenport,139
2015.0,Danforth,187
2015.0,Danforth East York,102
2015.0,Don Valley Village,248
2015.0,Dorset Park,340
2015.0,Dovercourt-Wallace Emerson-Junction,378
2015.0,Downsview-Roding-CFB,611
2015.0,Dufferin Grove,156
2015.0,East End-Danforth,335
2015.0,Edenbridge-Humber Valley,94
2015.0,Eglinton East,333
2015.0,Elms-Old Rexdale,95
2015.0,Englemount-Lawrence,175
2015.0,Eringate-Centennial-West Deane,135
2015.0,Etobicoke West Mall,109
2015.0,Flemingdon Park,199
2015.0,Forest Hill North,91
2015.0,Forest Hill South,49
2015.0,Glenfield-Jane Heights,436
2015.0,Greenwood-Coxwell,210
2015.0,Guildwood,66
2015.0,Henry Farm,107
2015.0,High Park North,227
2015.0,High Park-Swansea,210
2015.0,Highland Creek,129
2015.0,Hillcrest Village,131
2015.0,Humber Heights-Westmount,85
2015.0,Humber Summit,228
2015.0,Humbermede,221
2015.0,Humewood-Cedarvale,105
2015.0,Ionview,190
2015.0,Islington-City Centre West,535
2015.0,Junction Area,182
2015.0,Keelesdale-Eglinton West,118
2015.0,Kennedy Park,363
2015.0,Kensington-Chinatown,614
2015.0,Kingsview Village-The Westway,240
2015.0,Kingsway South,95
2015.0,LAmoreaux,305
2015.0,Lambton Baby Point,70
2015.0,Lansing-Westgate,139
2015.0,Lawrence Park North,94
2015.0,Lawrence Park South,113
2015.0,Leaside-Bennington,101
2015.0,Little Portugal,140
2015.0,Long Branch,133
2015.0,Malvern,410
2015.0,Maple Leaf,68
2015.0,Markland Wood,52
2015.0,Milliken,314
2015.0,Mimico,343
2015.0,Morningside,199
2015.0,Moss Park,651
2015.0,Mount Dennis,156
2015.0,Mount Olive-Silverstone-Jamestown,452
2015.0,Mount Pleasant East,63
2015.0,Mount Pleasant West,206
2015.0,New Toronto,182
2015.0,Newtonbrook East,143
2015.0,Newtonbrook West,211
2015.0,Niagara,361
2015.0,North Riverdale,149
2015.0,North St.James Town,269
2015.0,OConnor-Parkview,236
2015.0,Oakridge,300
2015.0,Oakwood Village,196
2015.0,Old East York,82
2015.0,Palmerston-Little Italy,159
2015.0,Parkwoods-Donalda,270
2015.0,Pelmo Park-Humberlea,123
2015.0,Playter Estates-Danforth,116
2015.0,Pleasant View,94
2015.0,Princess-Rosethorn,74
2015.0,Regent Park,174
2015.0,Rexdale-Kipling,104
2015.0,Rockcliffe-Smythe,259
2015.0,Roncesvalles,192
2015.0,Rosedale-Moore Park,197
2015.0,Rouge,337
2015.0,Runnymede-Bloor West Village,103
2015.0,Rustic,117
2015.0,Scarborough Village,246
2015.0,South Parkdale,324
2015.0,South Riverdale,380
2015.0,St.Andrew-Windfields,171
2015.0,Steeles,122
2015.0,Stonegate-Queensway,167
2015.0,Tam OShanter-Sullivan,218
2015.0,Taylor-Massey,220
2015.0,The Beaches,187
2015.0,Thistletown-Beaumond Heights,120
2015.0,Thorncliffe Park,153
2015.0,Trinity-Bellwoods,207
2015.0,University,262
2015.0,Victoria Village,213
2015.0,Waterfront Communities-The Island,1142
2015.0,West Hill,556
2015.0,West Humber-Clairville,818
2015.0,Westminster-Branson,196
2015.0,Weston,296
2015.0,Weston-Pellam Park,151
2015.0,Wexford/Maryvale,407
2015.0,Willowdale East,290
2015.0,Willowdale West,135
2015.0,Willowridge-Martingrove-Richview,168
2015.0,Woburn,683
2015.0,Woodbine Corridor,127
2015.0,Woodbine-Lumsden,68
2015.0,Wychwood,136
2015.0,Yonge-Eglinton,119
2015.0,Yonge-St.Clair,53
2015.0,York University Heights,667
2015.0,Yorkdale-Glen Park,279
2016.0,Agincourt North,161
2016.0,Agincourt South-Malvern West,265
2016.0,Alderwood,103
2016.0,Annex,494
2016.0,Banbury-Don Mills,178
2016.0,Bathurst Manor,146
2016.0,Bay Street Corridor,949
2016.0,Bayview Village,142
2016.0,Bayview Woods-Steeles,90
2016.0,Bedford Park-Nortown,192
2016.0,Beechborough-Greenbrook,103
2016.0,Bendale,438
2016.0,Birchcliffe-Cliffside,318
2016.0,Black Creek,411
2016.0,Blake-Jones,99
2016.0,Briar Hill-Belgravia,162
2016.0,Bridle Path-Sunnybrook-York Mills,88
2016.0,Broadview North,89
2016.0,Brookhaven-Amesbury,204
2016.0,Cabbagetown-South St.James Town,230
2016.0,Caledonia-Fairbank,100
2016.0,Casa Loma,73
2016.0,Centennial Scarborough,84
2016.0,Church-Yonge Corridor,943
2016.0,Clairlea-Birchmount,433
2016.0,Clanton Park,158
2016.0,Cliffcrest,209
2016.0,Corso Italia-Davenport,127
2016.0,Danforth,166
2016.0,Danforth East York,104
2016.0,Don Valley Village,266
2016.0,Dorset Park,380
2016.0,Dovercourt-Wallace Emerson-Junction,430
2016.0,Downsview-Roding-CFB,568
2016.0,Dufferin Grove,143
2016.0,East End-Danforth,323
2016.0,Edenbridge-Humber Valley,107
2016.0,Eglinton East,344
2016.0,Elms-Old Rexdale,114
2016.0,Englemount-Lawrence,253
2016.0,Eringate-Centennial-West Deane,139
2016.0,Etobicoke West Mall,85
2016.0,Flemingdon Park,200
2016.0,Forest Hill North,64
2016.0,Forest Hill South,58
2016.0,Glenfield-Jane Heights,469
2016.0,Greenwood-Coxwell,189
2016.0,Guildwood,75
2016.0,Henry Farm,98
2016.0,High Park North,172
2016.0,High Park-Swansea,149
2016.0,Highland Creek,128
2016.0,Hillcrest Village,118
2016.0,Humber Heights-Westmount,88
2016.0,Humber Summit,268
2016.0,Humbermede,205
2016.0,Humewood-Cedarvale,105
2016.0,Ionview,141
2016.0,Islington-City Centre West,527
2016.0,Junction Area,175
2016.0,Keelesdale-Eglinton West,105
2016.0,Kennedy Park,301
2016.0,Kensington-Chinatown,572
2016.0,Kingsview Village-The Westway,239
2016.0,Kingsway South,81
2016.0,LAmoreaux,303
2016.0,Lambton Baby Point,39
2016.0,Lansing-Westgate,145
2016.0,Lawrence Park North,70
2016.0,Lawrence Park South,89
2016.0,Leaside-Bennington,79
2016.0,Little Portugal,179
2016.0,Long Branch,110
2016.0,Malvern,459
2016.0,Maple Leaf,84
2016.0,Markland Wood,69
2016.0,Milliken,245
2016.0,Mimico,352
2016.0,Morningside,205
2016.0,Moss Park,734
2016.0,Mount Dennis,195
2016.0,Mount Olive-Silverstone-Jamestown,458
2016.0,Mount Pleasant East,50
2016.0,Mount Pleasant West,177
2016.0,New Toronto,175
2016.0,Newtonbrook East,151
2016.0,Newtonbrook West,280
2016.0,Niagara,329
2016.0,North Riverdale,131
2016.0,North St.James Town,242
2016.0,OConnor-Parkview,209
2016.0,Oakridge,247
2016.0,Oakwood Village,215
2016.0,Old East York,91
2016.0,Palmerston-Little Italy,160
2016.0,Parkwoods-Donalda,291
2016.0,Pelmo Park-Humberlea,123
2016.0,Playter Estates-Danforth,121
2016.0,Pleasant View,111
2016.0,Princess-Rosethorn,120
2016.0,Regent Park,173
2016.0,Rexdale-Kipling,130
2016.0,Rockcliffe-Smythe,278
2016.0,Roncesvalles,227
2016.0,Rosedale-Moore Park,205
2016.0,Rouge,293
2016.0,Runnymede-Bloor West Village,90
2016.0,Rustic,122
2016.0,Scarborough Village,265
2016.0,South Parkdale,354
2016.0,South Riverdale,471
2016.0,St.Andrew-Windfields,154
2016.0,Steeles,143
2016.0,Stonegate-Queensway,157
2016.0,Tam OShanter-Sullivan,216
2016.0,Taylor-Massey,171
2016.0,The Beaches,192
2016.0,Thistletown-Beaumond Heights,100
2016.0,Thorncliffe Park,143
2016.0,Trinity-Bellwoods,221
2016.0,University,265
2016.0,Victoria Village,185
2016.0,Waterfront Communities-The Island,1241
2016.0,West Hill,594
2016.0,West Humber-Clairville,876
2016.0,Westminster-Branson,171
2016.0,Weston,316
2016.0,Weston-Pellam Park,145
2016.0,Wexford/Maryvale,355
2016.0,Willowdale East,344
2016.0,Willowdale West,147
2016.0,Willowridge-Martingrove-Richview,248
2016.0,Woburn,557
2016.0,Woodbine Corridor,151
2016.0,Woodbine-Lumsden,62
2016.0,Wychwood,137
2016.0,Yonge-Eglinton,103
2016.0,Yonge-St.Clair,68
2016.0,York University Heights,675
2016.0,Yorkdale-Glen Park,335
2017.0,Agincourt North,187
2017.0,Agincourt South-Malvern West,283
2017.0,Alderwood,74
2017.0,Annex,516
2017.0,Banbury-Don Mills,207
2017.0,Bathurst Manor,130
2017.0,Bay Street Corridor,1182
2017.0,Bayview Village,135
2017.0,Bayview Woods-Steeles,103
2017.0,Bedford Park-Nortown,247
2017.0,Beechborough-Greenbrook,111
2017.0,Bendale,468
2017.0,Birchcliffe-Cliffside,277
2017.0,Black Creek,376
2017.0,Blake-Jones,98
2017.0,Briar Hill-Belgravia,153
2017.0,Bridle Path-Sunnybrook-York Mills,100
2017.0,Broadview North,87
2017.0,Brookhaven-Amesbury,202
2017.0,Cabbagetown-South St.James Town,221
2017.0,Caledonia-Fairbank,92
2017.0,Casa Loma,88
2017.0,Centennial Scarborough,89
2017.0,Church-Yonge Corridor,1168
2017.0,Clairlea-Birchmount,445
2017.0,Clanton Park,160
2017.0,Cliffcrest,213
2017.0,Corso Italia-Davenport,175
2017.0,Danforth,159
2017.0,Danforth East York,119
2017.0,Don Valley Village,220
2017.0,Dorset Park,376
2017.0,Dovercourt-Wallace Emerson-Junction,470
2017.0,Downsview-Roding-CFB,651
2017.0,Dufferin Grove,130
2017.0,East End-Danforth,308
2017.0,Edenbridge-Humber Valley,98
2017.0,Eglinton East,346
2017.0,Elms-Old Rexdale,107
2017.0,Englemount-Lawrence,217
2017.0,Eringate-Centennial-West Deane,128
2017.0,Etobicoke West Mall,79
2017.0,Flemingdon Park,180
2017.0,Forest Hill North,117
2017.0,Forest Hill South,108
2017.0,Glenfield-Jane Heights,426
2017.0,Greenwood-Coxwell,150
2017.0,Guildwood,73
2017.0,Henry Farm,136
2017.0,High Park North,215
2017.0,High Park-Swansea,169
2017.0,Highland Creek,132
2017.0,Hillcrest Village,134
2017.0,Humber Heights-Westmount,107
2017.0,Humber Summit,292
2017.0,Humbermede,273
2017.0,Humewood-Cedarvale,113
2017.0,Ionview,144
2017.0,Islington-City Centre West,513
2017.0,Junction Area,182
2017.0,Keelesdale-Eglinton West,121
2017.0,Kennedy Park,339
2017.0,Kensington-Chinatown,708
2017.0,Kingsview Village-The Westway,203
2017.0,Kingsway South,97
2017.0,LAmoreaux,321
2017.0,Lambton Baby Point,41
2017.0,Lansing-Westgate,183
2017.0,Lawrence Park North,105
2017.0,Lawrence Park South,92
2017.0,Leaside-Bennington,85
2017.0,Little Portugal,163
2017.0,Long Branch,124
2017.0,Malvern,445
2017.0,Maple Leaf,42
2017.0,Markland Wood,57
2017.0,Milliken,316
2017.0,Mimico,480
2017.0,Morningside,207
2017.0,Moss Park,718
2017.0,Mount Dennis,172
2017.0,Mount Olive-Silverstone-Jamestown,431
2017.0,Mount Pleasant East,88
2017.0,Mount Pleasant West,223
2017.0,New Toronto,165
2017.0,Newtonbrook East,174
2017.0,Newtonbrook West,305
2017.0,Niagara,345
2017.0,North Riverdale,118
2017.0,North St.James Town,263
2017.0,OConnor-Parkview,205
2017.0,Oakridge,290
2017.0,Oakwood Village,200
2017.0,Old East York,71
2017.0,Palmerston-Little Italy,151
2017.0,Parkwoods-Donalda,345
2017.0,Pelmo Park-Humberlea,167
2017.0,Playter Estates-Danforth,112
2017.0,Pleasant View,92
2017.0,Princess-Rosethorn,84
2017.0,Regent Park,183
2017.0,Rexdale-Kipling,164
2017.0,Rockcliffe-Smythe,258
2017.0,Roncesvalles,232
2017.0,Rosedale-Moore Park,227
2017.0,Rouge,360
2017.0,Runnymede-Bloor West Village,100
2017.0,Rustic,98
2017.0,Scarborough Village,232
2017.0,South Parkdale,337
2017.0,South Riverdale,448
2017.0,St.Andrew-Windfields,155
2017.0,Steeles,130
2017.0,Stonegate-Queensway,214
2017.0,Tam OShanter-Sullivan,228
2017.0,Taylor-Massey,161
2017.0,The Beaches,219
2017.0,Thistletown-Beaumond Heights,125
2017.0,Thorncliffe Park,145
2017.0,Trinity-Bellwoods,250
2017.0,University,262
2017.0,Victoria Village,145
2017.0,Waterfront Communities-The Island,1336
2017.0,West Hill,616
2017.0,West Humber-Clairville,936
2017.0,Westminster-Branson,186
2017.0,Weston,347
2017.0,Weston-Pellam Park,107
2017.0,Wexford/Maryvale,420
2017.0,Willowdale East,353
2017.0,Willowdale West,143
2017.0,Willowridge-Martingrove-Richview,205
2017.0,Woburn,700
2017.0,Woodbine Corridor,137
2017.0,Woodbine-Lumsden,52
2017.0,Wychwood,126
2017.0,Yonge-Eglinton,108
2017.0,Yonge-St.Clair,47
2017.0,York University Heights,674
2017.0,Yorkdale-Glen Park,337
2018.0,Agincourt North,240
2018.0,Agincourt South-Malvern West,288
2018.0,Alderwood,91
2018.0,Annex,575
2018.0,Banbury-Don Mills,206
2018.0,Bathurst Manor,152
2018.0,Bay Street Corridor,1160
2018.0,Bayview Village,135
2018.0,Bayview Woods-Steeles,85
2018.0,Bedford Park-Nortown,209
2018.0,Beechborough-Greenbrook,106
2018.0,Bendale,419
2018.0,Birchcliffe-Cliffside,323
2018.0,Black Creek,325
2018.0,Blake-Jones,113
2018.0,Briar Hill-Belgravia,187
2018.0,Bridle Path-Sunnybrook-York Mills,101
2018.0,Broadview North,82
2018.0,Brookhaven-Amesbury,207
2018.0,Cabbagetown-South St.James Town,211
2018.0,Caledonia-Fairbank,91
2018.0,Casa Loma,94
2018.0,Centennial Scarborough,83
2018.0,Church-Yonge Corridor,1319
2018.0,Clairlea-Birchmount,440
2018.0,Clanton Park,189
2018.0,Cliffcrest,233
2018.0,Corso Italia-Davenport,166
2018.0,Danforth,200
2018.0,Danforth East York,128
2018.0,Don Valley Village,258
2018.0,Dorset Park,400
2018.0,Dovercourt-Wallace Emerson-Junction,525
2018.0,Downsview-Roding-CFB,703
2018.0,Dufferin Grove,195
2018.0,East End-Danforth,335
2018.0,Edenbridge-Humber Valley,96
2018.0,Eglinton East,285
2018.0,Elms-Old Rexdale,110
2018.0,Englemount-Lawrence,212
2018.0,Eringate-Centennial-West Deane,111
2018.0,Etobicoke West Mall,75
2018.0,Flemingdon Park,192
2018.0,Forest Hill North,120
2018.0,Forest Hill South,88
2018.0,Glenfield-Jane Heights,468
2018.0,Greenwood-Coxwell,199
2018.0,Guildwood,74
2018.0,Henry Farm,119
2018.0,High Park North,223
2018.0,High Park-Swansea,153
2018.0,Highland Creek,104
2018.0,Hillcrest Village,168
2018.0,Humber Heights-Westmount,85
2018.0,Humber Summit,336
2018.0,Humbermede,242
2018.0,Humewood-Cedarvale,109
2018.0,Ionview,122
2018.0,Islington-City Centre West,606
2018.0,Junction Area,264
2018.0,Keelesdale-Eglinton West,156
2018.0,Kennedy Park,343
2018.0,Kensington-Chinatown,836
2018.0,Kingsview Village-The Westway,217
2018.0,Kingsway South,84
2018.0,LAmoreaux,317
2018.0,Lambton Baby Point,56
2018.0,Lansing-Westgate,175
2018.0,Lawrence Park North,76
2018.0,Lawrence Park South,87
2018.0,Leaside-Bennington,122
2018.0,Little Portugal,173
2018.0,Long Branch,119
2018.0,Malvern,461
2018.0,Maple Leaf,58
2018.0,Markland Wood,72
2018.0,Milliken,325
2018.0,Mimico,604
2018.0,Morningside,185
2018.0,Moss Park,935
2018.0,Mount Dennis,139
2018.0,Mount Olive-Silverstone-Jamestown,429
2018.0,Mount Pleasant East,106
2018.0,Mount Pleasant West,274
2018.0,New Toronto,162
2018.0,Newtonbrook East,169
2018.0,Newtonbrook West,317
2018.0,Niagara,344
2018.0,North Riverdale,121
2018.0,North St.James Town,306
2018.0,OConnor-Parkview,198
2018.0,Oakridge,283
2018.0,Oakwood Village,202
2018.0,Old East York,107
2018.0,Palmerston-Little Italy,181
2018.0,Parkwoods-Donalda,272
2018.0,Pelmo Park-Humberlea,185
2018.0,Playter Estates-Danforth,100
2018.0,Pleasant View,108
2018.0,Princess-Rosethorn,71
2018.0,Regent Park,214
2018.0,Rexdale-Kipling,178
2018.0,Rockcliffe-Smythe,246
2018.0,Roncesvalles,236
2018.0,Rosedale-Moore Park,264
2018.0,Rouge,374
2018.0,Runnymede-Bloor West Village,104
2018.0,Rustic,108
2018.0,Scarborough Village,259
2018.0,South Parkdale,346
2018.0,South Riverdale,485
2018.0,St.Andrew-Windfields,179
2018.0,Steeles,130
2018.0,Stonegate-Queensway,191
2018.0,Tam OShanter-Sullivan,259
2018.0,Taylor-Massey,197
2018.0,The Beaches,192
2018.0,Thistletown-Beaumond Heights,125
2018.0,Thorncliffe Park,139
2018.0,Trinity-Bellwoods,222
2018.0,University,262
2018.0,Victoria Village,174
2018.0,Waterfront Communities-The Island,1466
2018.0,West Hill,603
2018.0,West Humber-Clairville,1145
2018.0,Westminster-Branson,203
2018.0,Weston,307
2018.0,Weston-Pellam Park,142
2018.0,Wexford/Maryvale,448
2018.0,Willowdale East,396
2018.0,Willowdale West,176
2018.0,Willowridge-Martingrove-Richview,216
2018.0,Woburn,634
2018.0,Woodbine Corridor,155
2018.0,Woodbine-Lumsden,65
2018.0,Wychwood,151
2018.0,Yonge-Eglinton,140
2018.0,Yonge-St.Clair,67
2018.0,York University Heights,714
2018.0,Yorkdale-Glen Park,373
2019.0,Agincourt North,219
2019.0,Agincourt South-Malvern West,312
2019.0,Alderwood,90
2019.0,Annex,646
2019.0,Banbury-Don Mills,228
2019.0,Bathurst Manor,129
2019.0,Bay Street Corridor,1342
2019.0,Bayview Village,174
2019.0,Bayview Woods-Steeles,95
2019.0,Bedford Park-Nortown,239
2019.0,Beechborough-Greenbrook,113
2019.0,Bendale,439
2019.0,Birchcliffe-Cliffside,325
2019.0,Black Creek,396
2019.0,Blake-Jones,104
2019.0,Briar Hill-Belgravia,188
2019.0,Bridle Path-Sunnybrook-York Mills,122
2019.0,Broadview North,111
2019.0,Brookhaven-Amesbury,219
2019.0,Cabbagetown-South St.James Town,293
2019.0,Caledonia-Fairbank,106
2019.0,Casa Loma,101
2019.0,Centennial Scarborough,106
2019.0,Church-Yonge Corridor,1458
2019.0,Clairlea-Birchmount,451
2019.0,Clanton Park,192
2019.0,Cliffcrest,234
2019.0,Corso Italia-Davenport,189
2019.0,Danforth,185
2019.0,Danforth East York,129
2019.0,Don Valley Village,243
2019.0,Dorset Park,321
2019.0,Dovercourt-Wallace Emerson-Junction,579
2019.0,Downsview-Roding-CFB,773
2019.0,Dufferin Grove,158
2019.0,East End-Danforth,303
2019.0,Edenbridge-Humber Valley,123
2019.0,Eglinton East,321
2019.0,Elms-Old Rexdale,132
2019.0,Englemount-Lawrence,189
2019.0,Eringate-Centennial-West Deane,120
2019.0,Etobicoke West Mall,83
2019.0,Flemingdon Park,181
2019.0,Forest Hill North,132
2019.0,Forest Hill South,104
2019.0,Glenfield-Jane Heights,504
2019.0,Greenwood-Coxwell,208
2019.0,Guildwood,50
2019.0,Henry Farm,163
2019.0,High Park North,211
2019.0,High Park-Swansea,211
2019.0,Highland Creek,139
2019.0,Hillcrest Village,158
2019.0,Humber Heights-Westmount,89
2019.0,Humber Summit,365
2019.0,Humbermede,315
2019.0,Humewood-Cedarvale,101
2019.0,Ionview,123
2019.0,Islington-City Centre West,588
2019.0,Junction Area,195
2019.0,Keelesdale-Eglinton West,124
2019.0,Kennedy Park,312
2019.0,Kensington-Chinatown,804
2019.0,Kingsview Village-The Westway,183
2019.0,Kingsway South,102
2019.0,LAmoreaux,384
2019.0,Lambton Baby Point,58
2019.0,Lansing-Westgate,160
2019.0,Lawrence Park North,88
2019.0,Lawrence Park South,134
2019.0,Leaside-Bennington,117
2019.0,Little Portugal,170
2019.0,Long Branch,132
2019.0,Malvern,506
2019.0,Maple Leaf,78
2019.0,Markland Wood,66
2019.0,Milliken,377
2019.0,Mimico,510
2019.0,Morningside,222
2019.0,Moss Park,1086
2019.0,Mount Dennis,152
2019.0,Mount Olive-Silverstone-Jamestown,463
2019.0,Mount Pleasant East,137
2019.0,Mount Pleasant West,309
2019.0,New Toronto,175
2019.0,Newtonbrook East,180
2019.0,Newtonbrook West,316
2019.0,Niagara,440
2019.0,North Riverdale,158
2019.0,North St.James Town,370
2019.0,OConnor-Parkview,248
2019.0,Oakridge,256
2019.0,Oakwood Village,285
2019.0,Old East York,80
2019.0,Palmerston-Little Italy,180
2019.0,Parkwoods-Donalda,291
2019.0,Pelmo Park-Humberlea,194
2019.0,Playter Estates-Danforth,155
2019.0,Pleasant View,106
2019.0,Princess-Rosethorn,110
2019.0,Regent Park,296
2019.0,Rexdale-Kipling,144
2019.0,Rockcliffe-Smythe,245
2019.0,Roncesvalles,263
2019.0,Rosedale-Moore Park,301
2019.0,Rouge,388
2019.0,Runnymede-Bloor West Village,129
2019.0,Rustic,126
2019.0,Scarborough Village,268
2019.0,South Parkdale,396
2019.0,South Riverdale,475
2019.0,St.Andrew-Windfields,209
2019.0,Steeles,153
2019.0,Stonegate-Queensway,212
2019.0,Tam OShanter-Sullivan,236
2019.0,Taylor-Massey,209
2019.0,The Beaches,176
2019.0,Thistletown-Beaumond Heights,154
2019.0,Thorncliffe Park,187
2019.0,Trinity-Bellwoods,275
2019.0,University,266
2019.0,Victoria Village,223
2019.0,Waterfront Communities-The Island,1402
2019.0,West Hill,646
2019.0,West Humber-Clairville,1014
2019.0,Westminster-Branson,186
2019.0,Weston,336
2019.0,Weston-Pellam Park,151
2019.0,Wexford/Maryvale,468
2019.0,Willowdale East,407
2019.0,Willowdale West,181
2019.0,Willowridge-Martingrove-Richview,220
2019.0,Woburn,671
2019.0,Woodbine Corridor,141
2019.0,Woodbine-Lumsden,61
2019.0,Wychwood,135
2019.0,Yonge-Eglinton,166
2019.0,Yonge-St.Clair,77
2019.0,York University Heights,742
2019.0,Yorkdale-Glen Park,439
2020.0,Agincourt North,165
2020.0,Agincourt South-Malvern West,305
2020.0,Alderwood,120
2020.0,Annex,603
2020.0,Banbury-Don Mills,189
2020.0,Bathurst Manor,146
2020.0,Bay Street Corridor,887
2020.0,Bayview Village,149
2020.0,Bayview Woods-Steeles,86
2020.0,Bedford Park-Nortown,220
2020.0,Beechborough-Greenbrook,77
2020.0,Bendale,325
2020.0,Birchcliffe-Cliffside,234
2020.0,Black Creek,405
2020.0,Blake-Jones,98
2020.0,Briar Hill-Belgravia,184
2020.0,Bridle Path-Sunnybrook-York Mills,105
2020.0,Broadview North,96
2020.0,Brookhaven-Amesbury,202
2020.0,Cabbagetown-South St.James Town,243
2020.0,Caledonia-Fairbank,78
2020.0,Casa Loma,130
2020.0,Centennial Scarborough,67
2020.0,Church-Yonge Corridor,1240
2020.0,Clairlea-Birchmount,323
2020.0,Clanton Park,178
2020.0,Cliffcrest,200
2020.0,Corso Italia-Davenport,156
2020.0,Danforth,139
2020.0,Danforth East York,117
2020.0,Don Valley Village,191
2020.0,Dorset Park,294
2020.0,Dovercourt-Wallace Emerson-Junction,545
2020.0,Downsview-Roding-CFB,694
2020.0,Dufferin Grove,176
2020.0,East End-Danforth,267
2020.0,Edenbridge-Humber Valley,104
2020.0,Eglinton East,236
2020.0,Elms-Old Rexdale,117
2020.0,Englemount-Lawrence,197
2020.0,Eringate-Centennial-West Deane,129
2020.0,Etobicoke West Mall,104
2020.0,Flemingdon Park,156
2020.0,Forest Hill North,145
2020.0,Forest Hill South,108
2020.0,Glenfield-Jane Heights,517
2020.0,Greenwood-Coxwell,220
2020.0,Guildwood,53
2020.0,Henry Farm,147
2020.0,High Park North,160
2020.0,High Park-Swansea,185
2020.0,Highland Creek,68
2020.0,Hillcrest Village,121
2020.0,Humber Heights-Westmount,57
2020.0,Humber Summit,293
2020.0,Humbermede,221
2020.0,Humewood-Cedarvale,128
2020.0,Ionview,102
2020.0,Islington-City Centre West,537
2020.0,Junction Area,208
2020.0,Keelesdale-Eglinton West,136
2020.0,Kennedy Park,274
2020.0,Kensington-Chinatown,730
2020.0,Kingsview Village-The Westway,182
2020.0,Kingsway South,58
2020.0,LAmoreaux,298
2020.0,Lambton Baby Point,54
2020.0,Lansing-Westgate,205
2020.0,Lawrence Park North,99
2020.0,Lawrence Park South,138
2020.0,Leaside-Bennington,126
2020.0,Little Portugal,177
2020.0,Long Branch,141
2020.0,Malvern,358
2020.0,Maple Leaf,61
2020.0,Markland Wood,104
2020.0,Milliken,261
2020.0,Mimico,417
2020.0,Morningside,165
2020.0,Moss Park,1156
2020.0,Mount Dennis,135
2020.0,Mount Olive-Silverstone-Jamestown,338
2020.0,Mount Pleasant East,115
2020.0,Mount Pleasant West,374
2020.0,New Toronto,165
2020.0,Newtonbrook East,163
2020.0,Newtonbrook West,295
2020.0,Niagara,354
2020.0,North Riverdale,93
2020.0,North St.James Town,370
2020.0,OConnor-Parkview,192
2020.0,Oakridge,246
2020.0,Oakwood Village,203
2020.0,Old East York,61
2020.0,Palmerston-Little Italy,129
2020.0,Parkwoods-Donalda,254
2020.0,Pelmo Park-Humberlea,147
2020.0,Playter Estates-Danforth,142
2020.0,Pleasant View,109
2020.0,Princess-Rosethorn,72
2020.0,Regent Park,209
2020.0,Rexdale-Kipling,127
2020.0,Rockcliffe-Smythe,250
2020.0,Roncesvalles,226
2020.0,Rosedale-Moore Park,330
2020.0,Rouge,302
2020.0,Runnymede-Bloor West Village,90
2020.0,Rustic,110
2020.0,Scarborough Village,250
2020.0,South Parkdale,374
2020.0,South Riverdale,449
2020.0,St.Andrew-Windfields,143
2020.0,Steeles,99
2020.0,Stonegate-Queensway,210
2020.0,Tam OShanter-Sullivan,234
2020.0,Taylor-Massey,187
2020.0,The Beaches,188
2020.0,Thistletown-Beaumond Heights,126
2020.0,Thorncliffe Park,156
2020.0,Trinity-Bellwoods,232
2020.0,University,169
2020.0,Victoria Village,173
2020.0,Waterfront Communities-The Island,1323
2020.0,West Hill,487
2020.0,West Humber-Clairville,879
2020.0,Westminster-Branson,175
2020.0,Weston,354
2020.0,Weston-Pellam Park,158
2020.0,Wexford/Maryvale,393
2020.0,Willowdale East,346
2020.0,Willowdale West,190
2020.0,Willowridge-Martingrove-Richview,201
2020.0,Woburn,575
2020.0,Woodbine Corridor,120
2020.0,Woodbine-Lumsden,52
2020.0,Wychwood,178
2020.0,Yonge-Eglinton,163
2020.0,Yonge-St.Clair,70
2020.0,York University Heights,745
2020.0,Yorkdale-Glen Park,378
2021.0,Agincourt North,138
2021.0,Agincourt South-Malvern West,253
2021.0,Alderwood,83
2021.0,Annex,586
2021.0,Banbury-Don Mills,152
2021.0,Bathurst Manor,124
2021.0,Bay Street Corridor,798
2021.0,Bayview Village,152
2021.0,Bayview Woods-Steeles,69
2021.0,Bedford Park-Nortown,187
2021.0,Beechborough-Greenbrook,94
2021.0,Bendale,366
2021.0,Birchcliffe-Cliffside,222
2021.0,Black Creek,327
2021.0,Blake-Jones,92
2021.0,Briar Hill-Belgravia,157
2021.0,Bridle Path-Sunnybrook-York Mills,106
2021.0,Broadview North,92
2021.0,Brookhaven-Amesbury,210
2021.0,Cabbagetown-South St.James Town,211
2021.0,Caledonia-Fairbank,89
2021.0,Casa Loma,99
2021.0,Centennial Scarborough,67
2021.0,Church-Yonge Corridor,1431
2021.0,Clairlea-Birchmount,362
2021.0,Clanton Park,224
2021.0,Cliffcrest,158
2021.0,Corso Italia-Davenport,177
2021.0,Danforth,185
2021.0,Danforth East York,106
2021.0,Don Valley Village,214
2021.0,Dorset Park,241
2021.0,Dovercourt-Wallace Emerson-Junction,450
2021.0,Downsview-Roding-CFB,746
2021.0,Dufferin Grove,136
2021.0,East End-Danforth,324
2021.0,Edenbridge-Humber Valley,80
2021.0,Eglinton East,242
2021.0,Elms-Old Rexdale,129
2021.0,Englemount-Lawrence,154
2021.0,Eringate-Centennial-West Deane,124
2021.0,Etobicoke West Mall,78
2021.0,Flemingdon Park,175
2021.0,Forest Hill North,90
2021.0,Forest Hill South,115
2021.0,Glenfield-Jane Heights,478
2021.0,Greenwood-Coxwell,170
2021.0,Guildwood,54
2021.0,Henry Farm,160
2021.0,High Park North,174
2021.0,High Park-Swansea,145
2021.0,Highland Creek,75
2021.0,Hillcrest Village,116
2021.0,Humber Heights-Westmount,75
2021.0,Humber Summit,332
2021.0,Humbermede,231
2021.0,Humewood-Cedarvale,104
2021.0,Ionview,120
2021.0,Islington-City Centre West,546
2021.0,Junction Area,192
2021.0,Keelesdale-Eglinton West,127
2021.0,Kennedy Park,281
2021.0,Kensington-Chinatown,565
2021.0,Kingsview Village-The Westway,215
2021.0,Kingsway South,90
2021.0,LAmoreaux,256
2021.0,Lambton Baby Point,51
2021.0,Lansing-Westgate,185
2021.0,Lawrence Park North,113
2021.0,Lawrence Park South,132
2021.0,Leaside-Bennington,185
2021.0,Little Portugal,161
2021.0,Long Branch,155
2021.0,Malvern,351
2021.0,Maple Leaf,60
2021.0,Markland Wood,65
2021.0,Milliken,247
2021.0,Mimico,502
2021.0,Morningside,131
2021.0,Moss Park,919
2021.0,Mount Dennis,151
2021.0,Mount Olive-Silverstone-Jamestown,355
2021.0,Mount Pleasant East,132
2021.0,Mount Pleasant West,357
2021.0,New Toronto,162
2021.0,Newtonbrook East,163
2021.0,Newtonbrook West,359
2021.0,Niagara,413
2021.0,North Riverdale,105
2021.0,North St.James Town,341
2021.0,OConnor-Parkview,208
2021.0,Oakridge,254
2021.0,Oakwood Village,181
2021.0,Old East York,82
2021.0,Palmerston-Little Italy,116
2021.0,Parkwoods-Donalda,248
2021.0,Pelmo Park-Humberlea,143
2021.0,Playter Estates-Danforth,123
2021.0,Pleasant View,67
2021.0,Princess-Rosethorn,59
2021.0,Regent Park,234
2021.0,Rexdale-Kipling,131
2021.0,Rockcliffe-Smythe,234
2021.0,Roncesvalles,202
2021.0,Rosedale-Moore Park,315
2021.0,Rouge,333
2021.0,Runnymede-Bloor West Village,74
2021.0,Rustic,99
2021.0,Scarborough Village,186
2021.0,South Parkdale,360
2021.0,South Riverdale,454
2021.0,St.Andrew-Windfields,155
2021.0,Steeles,118
2021.0,Stonegate-Queensway,198
2021.0,Tam OShanter-Sullivan,213
2021.0,Taylor-Massey,166
2021.0,The Beaches,187
2021.0,Thistletown-Beaumond Heights,114
2021.0,Thorncliffe Park,186
2021.0,Trinity-Bellwoods,220
2021.0,University,155
2021.0,Victoria Village,174
2021.0,Waterfront Communities-The Island,1528
2021.0,West Hill,506
2021.0,West Humber-Clairville,941
2021.0,Westminster-Branson,196
2021.0,Weston,314
2021.0,Weston-Pellam Park,132
2021.0,Wexford/Maryvale,419
2021.0,Willowdale East,402
2021.0,Willowdale West,167
2021.0,Willowridge-Martingrove-Richview,144
2021.0,Woburn,545
2021.0,Woodbine Corridor,129
2021.0,Woodbine-Lumsden,48
2021.0,Wychwood,108
2021.0,Yonge-Eglinton,125
2021.0,Yonge-St.Clair,101
2021.0,York University Heights,676
2021.0,Yorkdale-Glen Park,360
2022.0,Agincourt North,77
2022.0,Agincourt South-Malvern West,147
2022.0,Alderwood,74
2022.0,Annex,310
2022.0,Banbury-Don Mills,110
2022.0,Bathurst Manor,86
2022.0,Bay Street Corridor,442
2022.0,Bayview Village,70
2022.0,Bayview Woods-Steeles,28
2022.0,Bedford Park-Nortown,133
2022.0,Beechborough-Greenbrook,48
2022.0,Bendale,168
2022.0,Birchcliffe-Cliffside,116
2022.0,Black Creek,176
2022.0,Blake-Jones,47
2022.0,Briar Hill-Belgravia,79
2022.0,Bridle Path-Sunnybrook-York Mills,57
2022.0,Broadview North,42
2022.0,Brookhaven-Amesbury,101
2022.0,Cabbagetown-South St.James Town,115
2022.0,Caledonia-Fairbank,52
2022.0,Casa Loma,44
2022.0,Centennial Scarborough,41
2022.0,Church-Yonge Corridor,589
2022.0,Clairlea-Birchmount,179
2022.0,Clanton Park,135
2022.0,Cliffcrest,84
2022.0,Corso Italia-Davenport,80
2022.0,Danforth,105
2022.0,Danforth East York,72
2022.0,Don Valley Village,130
2022.0,Dorset Park,169
2022.0,Dovercourt-Wallace Emerson-Junction,182
2022.0,Downsview-Roding-CFB,360
2022.0,Dufferin Grove,61
2022.0,East End-Danforth,162
2022.0,Edenbridge-Humber Valley,52
2022.0,Eglinton East,109
2022.0,Elms-Old Rexdale,79
2022.0,Englemount-Lawrence,77
2022.0,Eringate-Centennial-West Deane,80
2022.0,Etobicoke West Mall,59
2022.0,Flemingdon Park,77
2022.0,Forest Hill North,52
2022.0,Forest Hill South,60
2022.0,Glenfield-Jane Heights,216
2022.0,Greenwood-Coxwell,91
2022.0,Guildwood,25
2022.0,Henry Farm,97
2022.0,High Park North,128
2022.0,High Park-Swansea,121
2022.0,Highland Creek,44
2022.0,Hillcrest Village,63
2022.0,Humber Heights-Westmount,34
2022.0,Humber Summit,192
2022.0,Humbermede,122
2022.0,Humewood-Cedarvale,67
2022.0,Ionview,64
2022.0,Islington-City Centre West,419
2022.0,Junction Area,134
2022.0,Keelesdale-Eglinton West,56
2022.0,Kennedy Park,168
2022.0,Kensington-Chinatown,300
2022.0,Kingsview Village-The Westway,107
2022.0,Kingsway South,41
2022.0,LAmoreaux,151
2022.0,Lambton Baby Point,41
2022.0,Lansing-Westgate,75
2022.0,Lawrence Park North,64
2022.0,Lawrence Park South,66
2022.0,Leaside-Bennington,80
2022.0,Little Portugal,80
2022.0,Long Branch,72
2022.0,Malvern,160
2022.0,Maple Leaf,38
2022.0,Markland Wood,47
2022.0,Milliken,131
2022.0,Mimico,345
2022.0,Morningside,69
2022.0,Moss Park,414
2022.0,Mount Dennis,86
2022.0,Mount Olive-Silverstone-Jamestown,200
2022.0,Mount Pleasant East,79
2022.0,Mount Pleasant West,195
2022.0,New Toronto,110
2022.0,Newtonbrook East,73
2022.0,Newtonbrook West,200
2022.0,Niagara,178
2022.0,North Riverdale,66
2022.0,North St.James Town,135
2022.0,OConnor-Parkview,102
2022.0,Oakridge,117
2022.0,Oakwood Village,146
2022.0,Old East York,56
2022.0,Palmerston-Little Italy,80
2022.0,Parkwoods-Donalda,124
2022.0,Pelmo Park-Humberlea,102
2022.0,Playter Estates-Danforth,66
2022.0,Pleasant View,54
2022.0,Princess-Rosethorn,28
2022.0,Regent Park,77
2022.0,Rexdale-Kipling,77
2022.0,Rockcliffe-Smythe,123
2022.0,Roncesvalles,92
2022.0,Rosedale-Moore Park,185
2022.0,Rouge,209
2022.0,Runnymede-Bloor West Village,52
2022.0,Rustic,44
2022.0,Scarborough Village,71
2022.0,South Parkdale,176
2022.0,South Riverdale,247
2022.0,St.Andrew-Windfields,87
2022.0,Steeles,60
2022.0,Stonegate-Queensway,128
2022.0,Tam OShanter-Sullivan,110
2022.0,Taylor-Massey,79
2022.0,The Beaches,132
2022.0,Thistletown-Beaumond Heights,72
2022.0,Thorncliffe Park,103
2022.0,Trinity-Bellwoods,126
2022.0,University,90
2022.0,Victoria Village,87
2022.0,Waterfront Communities-The Island,783
2022.0,West Hill,226
2022.0,West Humber-Clairville,581
2022.0,Westminster-Branson,126
2022.0,Weston,181
2022.0,Weston-Pellam Park,83
2022.0,Wexford/Maryvale,216
2022.0,Willowdale East,180
2022.0,Willowdale West,99
2022.0,Willowridge-Martingrove-Richview,113
2022.0,Woburn,333
2022.0,Woodbine Corridor,74
2022.0,Woodbine-Lumsden,42
2022.0,Wychwood,78
2022.0,Yonge-Eglinton,100
2022.0,Yonge-St.Clair,49
2022.0,York University Heights,398
2022.0,Yorkdale-Glen Park,256
